OS,Algorithm,SizeName,FileSizeBytes,Mode,Runs,MeanTimeSeconds,MedianTimeSeconds,StdDevTimeSeconds,CI95TimeSeconds,MeanThroughputMBps,MedianThroughputMBps,StdDevThroughputMBps,CI95ThroughputMBps
Linux,sha256,100MiB,104857600,streaming,30,0.22407440576668403,0.22223963049964368,0.004786274854719078,0.0017127464601749416,446.47242885321714,449.96618313043984,9.305355893094697,3.3298788411309097
Linux,sha256,1MiB,1048576,streaming,30,0.005248156866703842,0.005299591500261158,0.00015937328097421975,5.703099615475019e-05,190.7168289367373,188.69392075689436,5.922339044612475,2.119281809446193
Linux,sha3-256,100MiB,104857600,streaming,30,0.213959818433068,0.21401829549904505,0.002178550398499692,0.0007795842480011647,467.4236131712241,467.2499793474765,4.688027554549465,1.6775891153305813
Linux,sha3-256,1MiB,1048576,streaming,30,0.005141463900084394,0.005104022499835992,0.00016513402216530726,5.9092450914977967e-05,194.6905488275299,195.92482575629936,6.231924465982217,2.23006552970204
Linux,sha3-512,100MiB,104857600,streaming,30,0.4013524868000483,0.3978843569993842,0.011814210091591504,0.0042276607859629625,249.34898681071826,251.32935921231189,6.738156910968254,2.411218483615806
Linux,sha3-512,1MiB,1048576,streaming,30,0.0069769542667927455,0.006941653499779932,0.0002323572122366593,8.314796054014202e-05,143.48076519474623,144.05801053188014,4.7169301623185635,1.6879317806912095
Linux,sha512,100MiB,104857600,streaming,30,0.14824402940012077,0.14777266449982562,0.0022011135576815583,0.0007876583708194568,674.7034466519231,676.7152078076151,9.757664259500293,3.4917353113469654
Linux,sha512,1MiB,1048576,streaming,30,0.004427158066452345,0.004409017999932985,0.00017692277972005665,6.331100362760582e-05,226.22444045049627,226.80788386905817,8.96232486671597,3.207126764830681
