OS,Algorithm,SizeName,FileSizeBytes,Mode,Runs,MeanTimeSeconds,MedianTimeSeconds,StdDevTimeSeconds,CI95TimeSeconds,MeanThroughputMBps,MedianThroughputMBps,StdDevThroughputMBps,CI95ThroughputMBps
Windows,sha256,100MiB,104857600,streaming,2,0.11780900000000005,0.11780900000000005,0.006681734818144042,0.009260411999999833,850.1990354938921,850.1990354938921,48.220462764407,66.83015177682458
Windows,sha256,1MiB,1048576,streaming,2,0.018610199999999966,0.018610199999999966,0.00023447660864152881,0.0003249680000000965,53.738239150361025,53.738239150361025,0.6770674184234516,0.9383675672598766
Windows,sha3-256,100MiB,104857600,streaming,2,0.2788471000000001,0.2788471000000001,0.000658882098709652,0.0009131640000000372,358.620473947041,358.620473947041,0.847376969365906,1.1744045624694772
Windows,sha3-256,1MiB,1048576,streaming,2,0.018913299999999966,0.018913299999999966,0.0008854391114018207,0.0012271560000000359,52.93085058848866,52.93085058848866,2.477994073525717,3.4343245697350167
Windows,sha3-512,100MiB,104857600,streaming,2,0.43145115,0.43145115,0.020145542906682832,0.02792029799999996,232.0288833336906,232.0288833336906,10.834014058807284,15.015177424567922
Windows,sha3-512,1MiB,1048576,streaming,2,0.02048264999999999,0.02048264999999999,0.000951129331373938,0.0013181979999998792,48.874501487219405,48.874501487219405,2.269529183029225,3.145406971824631
Windows,sha512,100MiB,104857600,streaming,2,0.1844561,0.1844561,0.011072726507956373,0.015346015999999981,543.1129663009699,543.1129663009699,32.60256147004936,45.18484490706538
Windows,sha512,1MiB,1048576,streaming,2,0.02202425000000008,0.02202425000000008,0.004240448656097587,0.005876961999999972,46.26196033329158,46.26196033329158,8.90706687055157,12.34456487391215
